Codigo,Descripcion,Presentacion
3805025,ABACAVIR LIQUIDO ORAL,JBE/SOL/SUSP. 10 MG/ML CJ X FCO
3805024,ABACAVIR SOLIDO ORAL,TAB/CAP/COMP. 300 MG CJ X BLIST
3901162,ABEMACICLIB SOLIDO ORAL 150 MG,TAB/CAP/COMP. 150 MG CJ X BLIST
4401016,ACETAZOLAMIDA SOLIDO ORAL,TAB/CAP/COMP. 250 MG CJ X BLIST
4503005,ACETILCISTEINA LIQUIDO PARENTERA,SOL.INY. 100 MG/ML CJ X AMP(S)
3805001,ACICLOVIR LIQUIDO ORAL,JBE/SOL/SUSP. 200 MG/5 ML CJ X
3805003,ACICLOVIR SOLIDO ORAL,TAB/CAP/COMP. 200 MG CJ X BLIST
3805004,ACICLOVIR SOLIDO ORAL,TAB/CAP/COMP. 400 MG CJ X BLIST
3805005,ACICLOVIR SOLIDO ORAL,TAB/CAP/COMP. 800 MG CJ X BLIST
3805006,ACICLOVIR SOLIDO PARENTERAL,POL.INY. 250 MG CJ X VIAL(ES)
3901082,ACIDO TRANS-RETINOICO  SOLIDO OR,TAB/CAP/COMP. 10 MG CJ X BLIST/
3301013,ACIDO ACETIL SALICILICO SOLIDO O,TAB/CAP/COMP. 100 MG CJ X BLIST
4005001,ACIDO ALENDRONICO (ALENDRONATO S,TAB/CAP/COMP. 70 MG CJ X BLIST(
3211013,ACIDO ASCORBICO LIQUIDO PARENTER,SOL.INY. 100 MG/ML CJ X AMP(S)
3303010,ACIDO FOLICO SOLIDO ORAL 1 MG,TAB/CAP/COMP. 1 MG CJ X BLIST/R
3303011,ACIDO FOLICO SOLIDO ORAL 5 MG,TAB/CAP/COMP. 5 MG CJ X BLIST/R
3506001,ACIDO FUSIDICO SEMISOLIDO CUTANE,POM/CRE/PAS. 2% CJ X TUBO X 15
3302001,ACIDO TRANEXAMICO LIQUIDO PARENT,SOL.INY. 100 MG/ML CJ X AMP(S)
3302003,ACIDO TRANEXAMICO SOLIDO ORAL 50,TAB/CAP/COMP. 500 MG CJ X BLIST
4103043,ACIDO VALPROICO (SAL SODICA) LIQ,JBE/SOL/SUSP. 250 MG/5 ML CJ X
4005002,ACIDO ZOLEDRONICO LIQUIDO PARENT,SOL/POL.INY. 4 MG CJ X VIAL(ES)
3904014,ADALIMUMAB LIQUIDO PARENTERAL 40,SOL.INY. 40 MG CJ X JERG/AUTOIN
3904060,ADALIMUMAB LIQUIDO PARENTERAL 40,SOL.INY. 40 MG CJ X JERG/AUTOIN
3510001,"ADAPALENO SEMISOLIDO CUTANEO 0,1","POM/CRE/PAS. 0,1% CJ X TUBO X 3"
3901094,AFATINIB SOLIDO ORAL,TAB/CAP/COMP. 40 MG CJ X BLIST(
4401036,AFLIBERCEPT LQ. PARENTAL 40 MG/M,SOL.INY. 40 MG/ML CJ X VIAL(ES)
3305002,"AGENTES GELATINAS LQ.PAR. 3,5%","SOL.INY. 3,5% CJ X FCO/FUN X 50"
4507004,AGUA PARA INYECCION LQ.PAR. 10 M,SOL.INY. N/D CJ X AMP(S) X 10 M
4507006,AGUA PARA IRRIGACION LQ.PAR. 3.0,SOL.IRRG. N/D BOL X 3.000 ML
4202003,ALBENDAZOL LIQUIDO ORAL,JBE/SOL/SUSP. 20 MG/ML CJ X FCO
4202002,ALBENDAZOL SOLIDO ORAL,TAB/CAP/COMP. 400 MG CJ X BLIST
3305001,ALBUMINA HUMANA LQ.PAR. 20% X 50,SOL.INY. 20% CJ X FCO X 50 ML
3305066,ALBUMINA HUMANA LQ.PAR. 20% X 10,SOL.INY. 20% CJ X FCO(S) X 100
3508023,ALCOHOL ETILICO LQ.CUT. 70% - 1.,SOL/LOC. 70% FCO X 1.000 ML C/V
3508026,ALCOHOL ETILICO SSD.CUT. (GEL) 7,GEL CUT. 70% FCO X 500 ML C/VAL
3901145,ALECTINIB SOLIDO ORAL 150 MG,TAB/CAP/COMP. 150 MG CJ X BLIST
3302041,ALFA-1-ANTITRIPSINA SOLIDO PAR,POL.INY. 1.000 MG CJ X VIAL(ES)
4004002,ALOPURINOL SOLIDO ORAL,TAB/CAP/COMP. 300 MG CJ X BLIST
4105030,ALPRAZOLAM SOLIDO ORAL,"TAB/CAP/COMP. 0,25 MG CJ X BLIS"
4105031,ALPRAZOLAM SOLIDO ORAL,"TAB/CAP/COMP. 0,50 MG CJ X BLIS"
3401016,ALPROSTADIL LQ.PAR. 20 MCG/ML,SOL.INY. 20 MCG/ML CJ X AMP(S)
3401017,ALPROSTADIL LQ.PAR. 500 MCG/ML,SOL.INY. 500 MCG/ML CJ X AMP(S)
3301017,ALTEPLASA SOLIDO PARENTERAL,POL.INY. 50 MG CJ X VIAL(ES) C/
3802001,AMFOTERICINA B SOLIDO PARENTERAL,POL.INY. 50 MG CJ X VIAL(ES)
4503017,AMIFOSTINA SOLIDO PARENTERAL,POL.INY. 500 MG CJ X VIAL(ES) C
3801068,AMIKACINA LQ.PAR. 250 MG/ML X 2,SOL.INY. 250 MG/ML CJ X AMP(S)
3801067,AMIKACINA LQ.PAR. 50 MG/ML X 2 M,SOL.INY. 50 MG/ML CJ X AMP(S) X
3305009,AMINOACIDOS LQ.PAR. 10% X 500 ML,SOL.INY. 10% FCO X 500 ML
3305010,AMINOACIDOS LQ.PAR. 15% X 500 ML,SOL.INY. 15% CJ X FCO/FUN X 500
4303015,AMINOFILINA LIQUIDO PARENTERAL,SOL.INY. 25 MG/ML CJ X AMP(S) X
3401006,AMIODARONA LIQUIDO PARENTERAL 50,SOL.INY. 50 MG/ML CJ X AMP(S) X
3401005,AMIODARONA SOLIDO ORAL 200 MG,TAB/CAP/COMP. 200 MG CJ X BLIST
4106002,AMITRIPTILINA SOLIDO ORAL,TAB/CAP/COMP. 25 MG CJ X BLIST(
3408002,AMLODIPINA SOLIDO ORAL 10 MG,TAB/CAP/COMP. 10 MG CJ X BLIST(
3408001,AMLODIPINA SOLIDO ORAL 5 MG,TAB/CAP/COMP. 5 MG CJ X BLIST(E
3801021,AMOXICILINA + ACIDO CLAVULANICO,TAB/CAP/COMP. 500 MG + 125 MG C
3801022,AMOXICILINA + ACIDO CLAVULANICO,"POL.SUSP. (125 MG + 31,25 ML)/5"
3801023,AMOXICILINA + ACIDO CLAVULANICO,"POL.SUSP. (125 MG + 31,25 ML)/5"
3801024,AMOXICILINA + ACIDO CLAVULANICO,"POL.SUSP. (250 MG + 62,5 MG)/5"
3801025,AMOXICILINA + ACIDO CLAVULANICO,"POL.SUSP. (250 MG + 62,5 MG)/5"
3801026,AMOXICILINA + AC. CLAVULANICO SO,POL.INY. 1.000 MG + 200 MG CJ X
3801005,AMOXICILINA SOLIDO ORAL,TAB/CAP/COMP. 500 MG CJ X BLIST
3801007,AMOXICILINA SOLIDO ORAL (POLVO),POL.SUSP. 250 MG/5 ML CJ X FCO
3801018,AMPICILINA + SULBACTAM SOLIDO PA,POL.INY. 1.000 MG + 500 MG CJ X
3801004,AMPICILINA SOLIDO PARENTERAL,POL.INY. 1.000 MG CJ X VIAL(ES)
4401025,ANESTESICO LOCAL OFTALMICO LIQUI,COLIR.SOL/SUSP. N/D CJ X FCO GO
3902016,APALUTAMIDA SOLIDO ORAL 60 MG,TAB/CAP/COMP. 60 MG CJ X FCO(S)
3901165,ASCIMINIB SOLIDO ORAL 40 MG,TAB/CAP/COMP. 40 MG CJ X BLIST/
3901080,ASPARAGINASA SOLIDO PARENTERAL,POL.INY. 10.000 UI CJ X VIAL(ES
3407006,ATENOLOL SOLIDO ORAL 100 MG,TAB/CAP/COMP. 100 MG CJ X BLIST
3407005,ATENOLOL SOLIDO ORAL 50 MG,TAB/CAP/COMP. 50 MG CJ X BLIST(
3410006,ATORVASTATINA SOLIDO ORAL 40 MG,TAB/CAP/COMP. 40 MG CJ X BLIST(
3410004,ATORVASTATINA SOLIDO ORAL 80 MG,TAB/CAP/COMP. 80 MG CJ X BLIST(
3203001,ATROPINA LIQUIDO PARENTERAL,SOL.INY. 1 MG/ML CJ X AMP(S) X
3901096,AXITINIB SOLIDO ORAL,TAB/CAP/COMP. 5 MG CJ X BLIST(E
3901102,AZACITIDINA SOLIDO PARENTERAL,POL.INY. 100 MG CJ X VIAL(ES)
3904030,AZATIOPRINA SOLIDO ORAL  50 MG,TAB/CAP/COMP. 50 MG CJ X BLIST(
3801056,AZITROMICINA SOLIDO ORAL (POLVO),POL.SUSP. 200 MG/5 ML CJ X FCO
3801055,AZITROMICINA SOLIDO ORAL,TAB/CAP/COMP. 500 MG CJ X BLIST
3904017,BASILIXIMAB SOLIDO PARENTERAL 20,POL.INY. 20 MG CJ X VIAL(ES) C/
4303008,BECLOMETASONA LIQUIDO PARA INHAL,SOL.INH. 250 MCG/DOSIS CJ X FCO
3801012,BENCILPENICILINA BENZATINICA G S,POL.INY. 1┤200.000 UI CAJA X VI
3801013,BENCILPENICILINA BENZATINICA G S,POL.INY. 2┤400 000 UI CAJA X VI
3901110,BENDAMUSTINA SO,POL.INY. 100 MG CJ X VIAL(ES)
3901125,BENDAMUSTINA SOLIDO PARENTERAL,POL.INY. 25 MG CJ X VIAL(ES)
3507007,"BETAMETASONA LQ.CUT. 0,05%","SOL/LOC. 0,05% CJ X FCO X 60 ML"
3702002,BETAMETASONA LIQUIDO PARENTERAL,SOL.INY. 4 MG/ML CJ X AMP(S) X
3507006,"BETAMETASONA SSD.CUT. 0,05%","POM/CRE/PAS. 0,05% CJ X TUBO X"
3901071,BEVACIZUMAB LIQUIDO PARENTERAL,SOL.INY. 25 MG/ML CJ X VIAL X 4
3901072,BEVACIZUMAB LIQUIDO PARENTERAL,SOL.INY. 25 MG/ML CJ X VIAL X 1
3305061,BICARBONATO DE SODIO LQ.PAR. 1 M,"SOL.INY. 1 MEQ/ML (8,4%) CJ X A"
3305084,BICARBONATO DE SODIO HEMODIALISI,"SOL.EXTC. 8,4% CJ X GAL(ES)-GAL"
3305070,BICARBONATO DE SODIO SOLUCION,SOL.CONC.HEMO. 8.4% frasco
4104001,BIPERIDENO SOLIDO ORAL,TAB/CAP/COMP. 2 MG CJ X BLIST(E
3901051,BLEOMICINA SOLIDO PARENTERAL,POL.INY. 15 UI CJ X VIAL(ES) C/
3901085,BORTEZOMIB SOLIDO PARENTERAL,"POL.INY. 3,5 MG CJ X VIAL(ES)"
4101009,BUPIVACAINA (SIN EPINEFRINA) LIQ,"SOL.INY. 0,5% CJ X AMP(S) X 10"
4101010,BUPIVACAINA (SIN EPINEFRINA) LIQ,"SOL.INY. 0,5% CJ X AMP(S) X 20"
4101011,BUPIVACAINA (SIN EPINEFRINA) LIQ,"SOL.INY. 0,75% CJ X AMP(S) X 10"
4101013,BUPIVACAINA HIPERBARICA LIQUIDO,"SOL.INY. 0,5% CJ X AMP(S) X 4 M"
4101014,BUPIVACAINA HIPERBARICA LIQUIDO,"SOL.INY. 0,75% CJ X AMP(S) X 4"
4102021,BUPRENORFINA LIQUIDO PARENTERAL,"SOL.INY. 0,3 MG/ML CJ X AMP(S)"
4102039,BUPRENORFINA PARCHE TRANSDERMICO,PARCHE TRNSD. 10 MG CJ X PARCHE
4102019,BUPRENORFINA SOLIDO CUTANEO (PAR,PARCHE TRNSD. 20 MG CJ X PARCHE
3203002,BUTILESCOPOLAMINA  LIQUIDO PAREN,SOL.INY. 20 MG/ML CJ X AMP(S) X
4104006,CABERGOLINA SOLIDO ORAL,"TAB/CAP/COMP. 0,5 MG CJ X BLIST"
3212002,CALCIO CARBONATO SOLIDO ORAL,TAB/CAP/COMP. 500 MG CJ X BLIST
3212001,CALCIO GLUCONATO LIQUIDO PARENTE,SOL.INY. 10% CJ X AMP(S) X 10 M
3505002,CALCIPOTRIOL + BETAMETASONA DIPR,"POM/CRE/PAS. (50 MCG + 0,5 MG)/"
3211004,CALCITRIOL SOLIDO ORAL,"TAB/CAP/COMP. 0,5 MCG CJ X BLIS"
3901028,CAPECITABINA SOLIDO ORAL,TAB/CAP/COMP. 500 MG CJ X BLIST
4103014,CARBAMAZEPINA LIQUIDO ORAL,JBE/SOL/SUSP. 100 mg/5 ml frasc
4103042,CARBAMAZEPINA LIQUIDO ORAL 100,JBE/SOL/SUSP. 100 MG/5 ML CJ X
4103013,CARBAMAZEPINA SOLIDO ORAL (LIBER,TAB/COMP.RECUB. 400 MG CJ X BLI
4103012,CARBAMAZEPINA SOLIDO ORAL,TAB/CAP/COMP. 200 MG CJ X BLIST
3305014,CARBOHIDRATOS (DEXTROSA EN AGUA),SOL.INY. 5% FUN/BOL X 250 ML FL
3305015,CARBOHIDRATOS (DEXTROSA EN AGUA),SOL.INY. 5% FUN/BOL X 500 ML FL
3305016,CARBOHIDRATOS (DEXTROSA EN AGUA),SOL.INY. 5% FUN/BOL X 1.000 ML
3305017,CARBOHIDRATOS (DEXTROSA EN AGUA),SOL.INY. 10% FUN/BOL X 500 ML F
3305018,CARBOHIDRATOS (DEXTROSA EN AGUA),SOL.INY. 10% FUN/BOL X 1.000 ML
3305019,CARBOHIDRATOS (DEXTROSA EN AGUA),SOL.INY. 50% FUN/BOL X 500 ML F
3901057,CARBOPLATINO LQ.PAR./SD.PAR. 150,SOL/POL.INY. 10 MG/ML (150 MG)
3901058,CARBOPLATINO LQ.PAR./SD.PAR. 450,SOL/POL.INY. 10 MG/ML (450 MG)
3407008,"CARVEDILOL SOLIDO ORAL 12,5 MG","TAB/CAP/COMP. 12,5 MG CJ X BLIS"
3407009,CARVEDILOL SOLIDO ORAL 25 MG,TAB/CAP/COMP. 25 MG CJ X BLIST(
3407007,"CARVEDILOL SOLIDO ORAL 6,25 MG","TAB/CAP/COMP. 6,25 MG CJ X BLIS"
3802009,CASPOFUNGINA SOLIDO PARENTERAL,POL.INY. 50 MG CJ X VIAL(ES)
3802010,CASPOFUNGINA SOLIDO PARENTERAL,POL.INY. 70 MG CJ X VIAL(ES)
3801028,CEFALEXINA SOLIDO ORAL,TAB/CAP/COMP. 500 MG CJ X BLIST
3801029,CEFALEXINA SOLIDO ORAL (POLVO),POL.SUSP. 250 MG/5 ML CJ X FCO
3801030,CEFAZOLINA SOLIDO PARENTERAL,POL.INY. 1.000 MG CJ X VIAL(ES)
3801035,CEFEPIMA SOLIDO PARENTERAL,POL.INY. 1.000 MG CJ X VIAL(ES)
3801088,CEFOTAXIMA SOLIDO PARENTERAL,POL.INY. 1.000 MG CJ X VIAL(ES)
3801103,CEFTAZIDIMA + AVIBACTAM SD.PAR.,POL.INY. 2.000 MG + 500 MG CJ X
3801032,CEFTAZIDIMA SOLIDO PARENTERAL,POL.INY. 1.000 MG CJ X VIAL(ES)
3801034,CEFTRIAXONA SOLIDO PARENTERAL,POL.INY. 1.000 MG CJ X VIAL(ES)
3801093,CEFUROXIMA SOLIDO ORAL 500 MG,TAB/CAP/COMP. 500 MG CJ X BLIST
3901067,CETUXIMAB LIQUIDO PARENTERAL,SOL.INY. 5 MG/ML CJ X VIAL(ES)
3901069,CETUXIMAB LIQUIDO PARENTERAL,SOL.INY. 5 MG/ML CJ X VIAL(ES)
3901003,CICLOFOSFAMIDA SOLIDO PARENTERAL,POL.INY. 1.000 MG CJ X VIAL(ES)
3901002,CICLOFOSFAMIDA SOLIDO PARENTERAL,POL.INY. 500 MG CJ X VIAL(ES)
3904022,CICLOSPORINA SOLIDO ORAL  100 MG,TAB/CAP/COMP. 100 MG CJ X BLIST
3904020,CICLOSPORINA SOLIDO ORAL 25 MG,TAB/CAP/COMP. 25 MG CJ X BLIST(
3904021,CICLOSPORINA SOLIDO ORAL 50 MG,TAB/CAP/COMP. 50 MG CJ X BLIST(
4401008,CIPROFLOXACINA LIQUIDO OFTALMICO,"COLIR.SOL/SUSP. 0,3% CJ X FCO G"
3801071,CIPROFLOXACINA LIQUIDO PARENTERA,SOL.INY. 2 MG/ML CJ X FCO/VIAL/
3801070,CIPROFLOXACINA SOLIDO ORAL,TAB/CAP/COMP. 500 MG CJ X BLIST
3901054,CISPLATINO LIQUIDO PARENTERAL,SOL.INY. 1 mg/ml vial x 50 ml
3901056,CISPLATINO LQ.PAR./SD.PAR. 50 MG,SOL/POL.INY. 50 MG CJ X VIAL(ES
3901020,CITARABINA SOLIDO PARENTERAL,POL.INY. 100 MG CJ X VIAL(ES)
3901021,CITARABINA SOLIDO PARENTERAL,POL.INY. 500 MG CJ X VIAL(ES)
3901086,CLADRIBINA LIQUIDO PARENTERAL 10,SOL.INY. 10 MG CJ X VIAL(ES)
3904055,CLADRIBINA SOLIDO ORAL 10 MG,TAB/CAP/COMP. 10 MG CJ X BLIST(
3801052,CLARITROMICINA SOLIDO ORAL (POLV,POL.SUSP. 250 MG/5 ML CJ X FCO
3801049,CLARITROMICINA SOLIDO ORAL,TAB/CAP/COMP. 500 MG CJ X BLIST
3801053,CLARITROMICINA SOLIDO PARENTERAL,POL.INY. 500 MG CJ X VIAL(ES) C
3801058,CLINDAMICINA LIQUIDO PARENTERAL,SOL.INY. 150 MG/ML CJ X AMP(S)
3801057,CLINDAMICINA SOLIDO ORAL,TAB/CAP/COMP. 300 MG CJ X BLIST
4103011,CLONAZEPAM LIQUIDO ORAL,"JBE/SOL/SUSP. 2,5 MG/ML CJ X FC"
4103010,CLONAZEPAM SOLIDO ORAL,TAB/CAP/COMP. 2 MG CJ X BLIST(E
3301009,CLOPIDOGREL SOLIDO ORAL 75 MG,TAB/CAP/COMP. 75 MG CJ X BLIST(
3508028,CLORHEXIDINA LQ.CUT. (ACU) 2% -,2% FCO X 250 ML
3508029,CLORHEXIDINA LQ.CUT. (ACU) 2% -,2% FCO X 500 ML C/VALV DISP/DOS
3508006,CLORHEXIDINA LQ.CUT. (JAB) 2% -,SOL.JAB. 2% FCO X 250 ML
3508032,CLORHEXIDINA LQ.CUT. (JAB) 4% -,SOL.JAB. 4% FCO X 1.000 ML C/VA
4201007,CLOROQUINA SOLIDO ORAL,TAB/CAP/COMP. 250 MG CJ X BLIST
3403001,CLORTALIDONA SOLIDO ORAL  25 MG,TAB/CAP/COMP. 25 MG CJ X BLIST(
3403002,CLORTALIDONA SOLIDO ORAL  50 MG,TAB/CAP/COMP. 50 MG CJ X BLIST(
3305060,CLORURO DE POTASIO LIQUIDO PAREN,SOL.INY. 2 mEq/ml (20%) amp x 1
3305076,CLORURO DE POTASIO LQ.PAR. 2 MEQ,"SOL.INY. 2 MEQ/ML (14,9%) CJ X"
3305062,"CLORURO DE SODIO LQ.PAR. 3,4 MEQ","SOL.INY. 3,4 MEQ/ML (20%) CJ X"
3305024,"CLORURO DE SODIO LQ.PAR. 0,9% X","SOL.INY. 0,9% FUN/BOL X 100 ML"
3305025,"CLORURO DE SODIO LQ.PAR. 0,9% X","SOL.INY. 0,9% FUN/BOL X 250 ML"
3305026,"CLORURO DE SODIO LQ.PAR. 0,9% X","SOL.INY. 0,9% FUN/BOL X 500 ML"
3305027,"CLORURO DE SODIO LQ.PAR. 0,9% X","SOL.INY. 0,9% FUN/BOL X 1.000 M"
3501001,CLOTRIMAZOL SEMISOLIDO CUTANEO 1,POM/CRE/PAS. 1% CJ X TUBO X 20
3601003,CLOTRIMAZOL SEMISOLIDO VAGINAL 1,GEL/CRE/POM. 1% CJ X TUBO X 40
3601004,CLOTRIMAZOL SEMISOLIDO VAGINAL 2,GEL/CRE/POM. 2% CJ X TUBO X 20
3601006,CLOTRIMAZOL SOLIDO VAGINAL  200,TAB/COMP.VAG. 200 MG CJ X BLIST
4004003,COLCHICINA SOLIDO ORAL,"TAB/CAP/COMP. 0,5 MG CJ X BLIST"
3801080,COLISTINA SOLIDO PARENTERAL,POL.INY. 100 MG CJ X VIAL(ES)/J
3305029,COMBINACIONES (LACTATO DE RINGER,SOL.INY. N/D FUN/BOL X 1.000 ML
3305071,COMBINACIONES (LACTATO DE RINGER,SOL.INY. N/D BOL X 3.000 ML
3211009,COMPLEJO B LQ.PAR. N/D X 3 ML,SOL.INY. (B1: 100 MG|B6: 100 MG
3211010,COMPLEJO B LQ.PAR. N/D X 10 ML,SOL.INY. (B1: 100 MG|B6: 100 MG
3211007,COMPLEJO B SOLIDO ORAL >= 4 MG >,TAB/CAP/COMP. (B1: >= 4 MG|B6:
3305085,CONCENTRADO ACIDO HEMODIALISIS L,SOL.EXTC. N/D CJ X GAL(ES)-GAL(
3801040,COTRIMOXAZOL (SMX + TMP) SD.ORAL,TAB/CAP/COMP. 400 MG + 80 MG CJ
3801041,COTRIMOXAZOL (SMX + TMP) SD.ORAL,TAB/CAP/COMP. 800 MG + 160 MG C
3801042,COTRIMOXAZOL (SMX + TMP) LQ.ORAL,JBE/SOL/SUSP. (200 MG + 40 MG)/
3901112,CRIZOTINIB SOLIDO ORAL 250MG,TAB/CAP/COMP. 250 MG CJ X BLIST
3901010,DACARBAZINA SOLIDO PARENTERAL,POL.INY. 100 MG CJ X VIAL(ES)
3901011,DACARBAZINA SOLIDO PARENTERAL,POL.INY. 200 MG CJ X VIAL(ES)
3210020,DAPAGLIFLOZINA SOLIDO ORAL 10 MG,TAB/CAP/COMP. 10 MG CJ X BLIST(
3901146,DARATUMUMAB LIQ PARENTERAL 400,SOL.INY. 400 MG/20 ML CJ X VIAL
3805016,DARUNAVIR SOLIDO ORAL,TAB/CAP/COMP. 600 MG CJ X FCO D
3901045,DAUNORUBICINA SOLIDO PARENTERAL,POL.INY. 20 MG CJ X VIAL(ES)
4503012,DEFERASIROX SOLIDO ORAL,TAB/CAP/COMP. 500 MG CJ X BLIST
3701017,DESMOPRESINA SOLIDO ORAL(SUBLIGU,TAB/COMP.SUBL. 120 MCG CJ X BLI
4401014,DEXAMETASONA + TOBRAMICINA LIQUI,"COLIR.SOL/SUSP. 0,1% + 0,3% CJ"
4401015,DEXAMETASONA + TOBRAMICINA SEMIS,"GEL/UNG. 0,1% + 0,3% CJ X TUBO"
3702006,DEXAMETASONA LQ.PAR. 4 MG/ML X 2,SOL.INY. 4 MG/ML CJ X AMP(S) X
3702003,DEXAMETASONA SOLIDO ORAL 4 MG,TAB/CAP/COMP. 4 MG CJ X BLIST(E
4105038,DEXMEDETOMIDINA LIQUIDO PARENTER,SOL.INY. 100 MCG/ML CJ X VIAL(E
4105027,DIAZEPAM LIQUIDO PARENTERAL,SOL.INY. 5 MG/ML CJ X AMP(S) X
4001002,DICLOFENACO LIQUIDO PARENTERAL,SOL.INY. 25 MG/ML CJ X AMP(S) X
4001001,DICLOFENACO SOLIDO ORAL,TAB/CAP/COMP. 50 MG CJ X BLIST(
3801016,DICLOXACILINA SOLIDO ORAL (POLVO,POL.SUSP. 250 MG/5 ML CJ X FCO
3801014,DICLOXACILINA SOLIDO ORAL,TAB/CAP/COMP. 500 MG CJ X BLIST
4306001,DIFENHIDRAMINA SOLIDO ORAL,TAB/CAP/COMP. 50 MG CJ X BLIST/
3806001,DIFTERICA ANTITOXINA LIQUIDO PAR,SOL.INY. N/D CJ X VIAL(ES)
3401004,"DIGOXINA LIQUIDO PARENTERAL 0,25","SOL.INY. 0,25 MG/ML CJ X AMP(S)"
3401002,DIGOXINA SOLIDO ORAL 250 MCG,TAB/CAP/COMP. 250 MCG CJ X BLIS
3408004,DILTIAZEM SD.ORAL(LIB.PROL.) 90,TAB/COMP.RECUB. 90 MG CJ X BLIS
3408005,DILTIAZEM SD.ORAL(LIB.PROL.) 120,TAB/COMP.RECUB. 120 MG CJ X BLI
3408003,DILTIAZEM SOLIDO ORAL 60 MG,TAB/CAP/COMP. 60 MG CJ X BLIST(
4306008,DIMENHIDRINATO SOLIDO ORAL,TAB/CAP/COMP. 50 MG CJ X BLIST(
3401010,DOBUTAMINA LIQUIDO PARENTERAL 50,SOL.INY. 50 MG/ML CJ X AMP(S) X
3901040,DOCETAXEL LIQUIDO PARENTERAL,SOL.INY. 40 MG/ML CJ X VIAL X 2
3805057,DOLUTEGRAVIR SOLIDO ORAL 10 MG,POL.DISP. 10 MG FCO X 90 UNDS
3805049,DOLUTEGRAVIR SOLIDO ORAL 50 MG,TAB/CAP/COMP. 50 MG CJ X FCO
3401008,DOPAMINA LIQUIDO PARENTERAL 40 M,SOL.INY. 40 MG/ML CJ X AMP(S) X
3402004,DOXAZOSINA SOLIDO ORAL 4 MG,TAB/CAP/COMP. 4 MG CJ X BLIST/R
3801001,DOXICICLINA SOLIDO ORAL,TAB/CAP/COMP. 100 MG CJ X BLIST
3901043,DOXORUBICINA SOLIDO PARENTERAL,POL.INY. 50 MG CJ X VIAL(ES)
3901167,DURVALUMAB LIQUIDO PARENTERAL,SOL.INY. 50 MG/ML CJ X VIAL(ES)
3604004,"DUTASTERIDA SOLIDO ORAL 0,5 MG","TAB/CAP/COMP. 0,5 MG CJ X BLIST"
3805033,EFAVIRENZ SOLIDO ORAL,TAB/CAP/COMP. 600 MG CJ X BLIST
3401012,EFEDRINA LIQUIDO PARENTERAL 60 M,SOL.INY. 60 MG/ML CJ X AMP(S) X
3305022,ELECTROLITOS CON CARBOHIDRATOS (,"SOL.INY. 5% + 0,9% % FUN/BOL X"
3302013,ELTROMBOPAG SOLIDO ORAL 50 MG,TAB/CAP/COMP. 50 MG CJ X BLIST(
3302021,EMICIZUMAB LQ.PAR. 150 MG/ML X 1,SOL.INY. 150 MG/ML CJ X VIAL(ES
3302022,EMICIZUMAB LQ.PAR. 30 MG/ML X 1,SOL.INY. 30 MG/ML CJ X VIAL(ES)
3305013,EMULSIONES GRASAS (LIPIDOS) LQ.P,SUSP/EMUL.INY. 20% FCO DE VIDRI
3409004,"ENALAPRIL LIQUIDO PARENTERAL 1,2","SOL.INY. 1,25 MG/ML CJ X AMP(S)"
3409002,ENALAPRIL SOLIDO ORAL 10 MG,TAB/CAP/COMP. 10 MG CJ X BLIST(
3409003,ENALAPRIL SOLIDO ORAL 20 MG,TAB/CAP/COMP. 20 MG CJ X BLIST(
3301003,ENOXAPARINA LQ.PAR. 4.000 UI (40,SOL.INY. 4.000 UI (40 MG) CJ X
3301004,ENOXAPARINA LQ.PAR. 6.000 UI (60,SOL.INY. 6.000 UI (60 MG) CJ X
3902013,ENZALUTAMIDA SOLIDO ORAL 40 MG,TAB/CAP/COMP. 40 MG CJ X BLIST(
3401011,EPINEFRINA (ADRENALINA) LIQUIDO,SOL.INY. 1 MG/ML CJ X AMP(S) X
4303001,EPINEFRINA (ADRENALINA) RACEMICA,"SOL.NEB. 22,5 MG/ML (2,25%) CJ"
3901047,EPIRUBICINA LQ.PAR./SD.PAR. 10 M,SOL/POL.INY. 10 MG CJ X VIAL(ES
3801046,ERITROMICINA SOLIDO ORAL (POLVO),POL.SUSP. 200 MG/5 ML CJ X FCO
3801045,ERITROMICINA SOLIDO ORAL,TAB/CAP/COMP. 500 MG CJ X BLIST
3303012,ERITROPOYETINA (EPOETINA) LQ/SD.,SOL/POL.INY. 2.000 UI CJ X VIAL
3303014,ERITROPOYETINA (EPOETINA) LQ/SD.,SOL/POL.INY. 4.000 UI CJ X VIAL
3303015,ERITROPOYETINA (EPOETINA) LQ/SD.,SOL/POL.INY. 5.000 UI CJ X VIAL
3303016,ERITROPOYETINA (EPOETINA) LQ/SD.,SOL/POL.INY. 10.000 UI CJ X VIA
3901075,ERLOTINIB SOLIDO ORAL,TAB/CAP/COMP. 150 MG CJ X BLIST
3403006,ESPIRONOLACTONA SOLIDO ORAL  100,TAB/CAP/COMP. 100 MG CJ X BLIST
3403005,ESPIRONOLACTONA SOLIDO ORAL 25 M,TAB/CAP/COMP. 25 MG CJ X BLIST(
3603001,ESTRADIOL VALERATO + NORETISTERO,SOL.INY. (5 MG + 50 MG)/ML CJ X
3603010,ESTRIOL SEMISOLIDO VAGINAL 1 MG/,"GEL/CRE/POM. 1 MG/G (0,1%) CJ X"
3904012,ETANERCEPT LIQUIDO PARENTERAL 50,SOL.INY. 50 MG CJ X JERG(S)/PLU
3901034,ETOPOSIDO LIQUIDO PARENTERAL,SOL.INY. 20 MG/ML CJ X AMP(S) X
3904008,"EVEROLIMUS SOLIDO ORAL 0,50 MG","TAB/CAP/COMP. 0,50 MG CJ X BLIS"
3904009,"EVEROLIMUS SOLIDO ORAL 0,75 MG","TAB/CAP/COMP. 0,75 MG CJ X BLIS"
3902011,EXEMESTANO SOLIDO ORAL  25 MG,TAB/CAP/COMP. 25 MG CJ X BLIST(
3302010,FACTOR DE COAGULACION IX PLASMA.,POL.INY. 250 UI CJ X VIAL C/DIL
3302012,FACTOR DE COAGULACION IX PLASMA.,POL.INY. 1.200 UI CJ X VIAL C/D
3302005,FACTOR DE COAGULACION VIII PLASM,POL.INY. 250 UI CJ X VIAL C/DIL
3302006,FACTOR DE COAGULACION VIII PLASM,POL.INY. 500 UI CJ X VIAL C/DIL
3302024,FACTOR DE COAGULACIËN IX-II-VII-,POL.INY. F-II(280-760UI) F-VII(
1808020,FACTOR IX SOL PARENTERAL 250 UI,Solido Parenteral 250 UI
3302023,FACTOR VON WILLEBRAND + FACTOR V,POL.INY. 1.000 UI + 1.000 UI CJ
4103007,FENITOINA LIQUIDO PARENTERAL,SOL.INY. 50 MG/ML CJ X AMP(S) X
4103004,FENITOINA SOLIDO ORAL,TAB/CAP/COMP. 100 MG CJ X BLIST
4101003,FENTANILO LIQUIDO PARENTERAL,"SOL.INY. 0,05 MG/ML CJ X AMP(S)"
3303003,FERROSO SULFATO LIQUIDO ORAL (GO,SOL.GOTAS. 25 MG/ML (EQ A HIERR
3303017,FERROSO SULFATO LIQUIDO ORAL 25,JBE/SOL/SUSP. 25 MG/5ML (EQ A H
3303001,FERROSO SULFATO SOLIDO ORAL 50 M,TAB/CAP/COMP. 50 MG (EQ A HIERR
3302025,FIBRINOGENO HUMANO (FACTOR I) SD,POL.INY. 1 G CJ X VIAL + DISLV
1907001,FILGASTRIM AMP 150MG,150MG
3903001,FILGRASTIM LIQUIDO PARENTERAL 30,SOL.INY. 300 MCG CJ X VIAL(ES)
3302004,FITOMENADIONA LIQUIDO PARENTERAL,SOL.INY. 10 MG/ML CJ X AMP(S) X
3802004,FLUCONAZOL LIQUIDO PARENTERAL,SOL.INY. 2 MG/ML CJ X FCO/FUN/B
3802002,FLUCONAZOL SOLIDO ORAL,TAB/CAP/COMP. 150 MG CJ X BLIST
3901019,FLUDARABINA SOLIDO PARENTERAL,POL.INY. 50 MG CJ X VIAL(ES)
4503006,FLUMAZENIL LIQUIDO PARENTERAL,"SOL.INY. 0,1 MG/ML CJ X AMP(S)"
4401012,FLUOROMETALONA LIQUIDO OFTALMICO,"COLIR.SOL/SUSP. 0,1% CJ X FCO G"
3901025,FLUORURACILO LIQUIDO PARENTERAL,SOL.INY. 50 MG/ML CJ X VIAL(ES)
3901023,FLUORURACILO SEMISOLIDO CUTANEO,POM/CRE/PAS. 5% CJ X TUBO X 30
4106003,FLUOXETINA SOLIDO ORAL,TAB/CAP/COMP. 20 MG CJ X BLIST(
3902009,FLUTAMIDA SOLIDO ORAL,TAB/CAP/COMP. 250 MG CJ X BLIST
4303010,FLUTICASONA LIQUIDO PARA INHALAC,SOL.INH. 125 MCG CJ X FCO(S) X
4303011,FLUTICASONA LIQUIDO PARA INHALAC,SOL.INH. 250 MCG CJ X FCO(S) X
4506004,FORM.NUTR.ENT. LQ.ORAL COMPLETA,SOLU.BEBL. ADULTOS CJ/CATN X TA
4506012,FORM.NUTR.ENT. LQ.ORAL ETAPA 0 (,SOLU.BEBL. ETAPA 0 (PREMATURO)
4307001,FOSFOLIPIDOS NATURALES (SURFACTA,SUSP.INTQ. 25 MG/ML CJ X VIAL X
3902014,FULVESTRANT LIQUIDO PARENTERAL,SOL.INY. 50 MG/ML CJ X VIAL(ES)
3403004,FUROSEMIDA LIQUIDO PARENTERAL 10,SOL.INY. 10 MG/ML (20 MG/2 ML)
3403003,FUROSEMIDA SOLIDO ORAL  40 MG,TAB/CAP/COMP. 40 MG CJ X BLIST(
4103024,GABAPENTINA SOLIDO ORAL,TAB/CAP/COMP. 300 MG CJ X BLIST
4508001,GADOBUTROL LIQUIDO PARENTERAL,"SOL.INY. 604,72 MG/ML (EQLENT A"
3901027,GEMCITABINA SOLIDO PARENTERAL,POL.INY. 1.000 MG CJ X VIAL(ES)
3901026,GEMCITABINA SOLIDO PARENTERAL,POL.INY. 200 MG CJ X VIAL(ES)
3410003,GEMFIBROZILO SOLIDO ORAL 600 MG,TAB/CAP/COMP. 600 MG CJ X BLIST
3801063,GENTAMICINA LIQUIDO PARENTERAL,SOL.INY. 40 MG/ML CJ X AMP(S) X
3801064,GENTAMICINA LIQUIDO PARENTERAL,SOL.INY. 80 MG/ML CJ X AMP(S) X
3210017,GLICLAZIDA SD.ORAL (LIB PROL) 60,TAB/COMP.RECUB. 60 MG CJ X BLIS
3904015,GOLIMUMAB LIQUIDO PARENTERAL,"SOL.INY. 50 MG/0,5 ML CJ X JERG"
3904057,GUSELKUMAB LIQUIDO PARENTERAL 10,SOL.INY. 100 MG/ML CJ X JERG(S)
4105012,HALOPERIDOL DECANOATO LIQUIDO PA,SOL.INY. 50 MG/ML CJ X AMP(S) X
4105010,HALOPERIDOL LIQUIDO ORAL,JBE/SOL/SUSP. 2 MG/ML CJ X FCO
4105011,HALOPERIDOL LIQUIDO PARENTERAL,SOL.INY. 5 MG/ML CJ X AMP(S) X
4105008,HALOPERIDOL SOLIDO ORAL,TAB/CAP/COMP. 5 MG CJ X BLIST(E
3301007,HEPARINA (NO FRACCIONADA) LQ.PAR,SOL.INY. 5.000 UI/ML CJ X VIAL(
3301008,HEPARINA (NO FRACCIONADA) LQ.PAR,SOL.INY. 5.000 UI/ML CJ X AMP(S
3402006,HIDRALAZINA LIQUIDO PARENTERAL 2,SOL.INY. 20 MG/ML CJ X AMP(S) X
3507004,HIDROCORTISONA SSD.CUT. 1%,POM/CRE/PAS. 1% CJ X TUBO X 15
3702018,"HIDROCORTISONA, SUCCINATO SODICO",POL.INY. 100 MG CJ X VIAL(ES) C
3702019,"HIDROCORTISONA, SUCCINATO SODICO",POL.INY. 500 MG CJ X VIAL(ES) C
3901081,HIDROXICARBAMIDA (HIDROXIUREA) S,TAB/CAP/COMP. 500 MG CJ X BLIST
4201021,HIDROXICLOROQUINA SOLIDO ORAL,TAB/CAP/COMP. 200 MG CJ X BLIST
3303007,HIERRO SACARATADO LQ.PAR. 100 MG,SOL.INY. 100 MG/5 ML (EQ A HIER
4001006,IBUPROFENO LIQUIDO ORAL,JBE/SOL/SUSP. 200 MG/5 ML CJ X
4001011,IBUPROFENO LIQUIDO PARENTERAL,SOL.INY. 6 MG/ML CJ X FCO(S) X
4001005,IBUPROFENO SOLIDO ORAL,TAB/CAP/COMP. 400 MG CJ X BLIST
3901049,IDARUBICINA LQ.PAR./SD.PAR. 1 MG,SOL/POL.INY. 1 MG/ML CJ X VIAL
3901006,IFOSFAMIDA SOLIDO PARENTERAL,POL.INY. 1 G CJ X VIAL(ES)
3901073,IMATINIB SOLIDO ORAL,TAB/CAP/COMP. 100 MG CJ X BLIST
3901074,IMATINIB SOLIDO ORAL,TAB/CAP/COMP. 400 MG CJ X BLIST
3801038,IMIPENEM + CILASTATINA SOLIDO PA,POL.INY. 500 MG + 500 MG CJ X V
4303004,INDACATEROL SOLIDO PARA INHALACI,CAP/POL.INH. 150 MCG CJ X BLIST
3904013,INFLIXIMAB SOLIDO PARENTERAL 100,POL.INY. 100 MG CJ X VIAL(ES) C
3806011,INMUNOGLOBULINA ANTI D LIQUIDO P,SOL.INY. 300 MCG CJ X VIAL(ES)
3904038,INMUNOGLOBULINA ANTITIMOCITICA (,POL.INY. 25 MG CJ X VIAL(ES)
3904046,INMUNOGLOBULINA ANTITIMOCITICA (,SOL.INY. 50 MG/ML CJ X VIAL(ES)
3806030,INMUNOGLOBULINA HEPATITIS B LI,SOL.INY. N/D CJ X VIAL(ES) - CA
3806018,INMUNOGLOBULINA HUMANA NORMAL IN,SOL.INY. 100 MG/ML CJ X VIAL(ES
3210013,INSULINA GLARGINA LQ.PAR. VIAL,SOL.INY. 100 UI/ML CJ X VIAL(ES
3210015,INSULINA GLARGINA LQ.PAR. PLUM,SOL.INY. 100 UI/ML CJ X CART(S)
3210002,INSULINA HUMANA NPH (ACCION INTE,SOL.INY. 100 UI/ML CJ X VIAL(ES
3210014,INSULINA ULTRARAPIDA (LISPRO) LQ,SOL.INY. 100 UI/ML CJ X CART(S)
3903009,INTERFERON BETA 1A LIQUI / SOLID,SOL/POL.INY. 6┤000.000 UI CJ X
3903011,INTERFERON BETA 1A LIQUI / SOLID,SOL/POL.INY. 36┤000.000 UI CJ X
4508012,IOPAMIDOL (S.Y.N.I.) LQ.PAR. 300,SOL.INY. 300 MG DE YODO/ML X 10
4507007,IOPRAMIDA (SALES YODADAS NO IONI,SOL.INY. 370 MG DE YODO/ML
4507009,IOPRAMIDA(SALES YODADAS NO ION,SOL.INY. 300 MG DE YODO/ML CJ X
4507012,IOPRAMIDA(SALES YODADAS NO ION,SOL.INY. 350 MG FCO X 100 ML
4508008,IOPROMIDA (S.Y.N.I.) LQ.PAR. 300,SOL.INY. 300 MG DE YODO/ML X 50
4508015,IOPROMIDA (S.Y.N.I.) LQ.PAR. 300,SOL.INY. 300 MG DE YODO/ML X 10
4508018,IOPROMIDA (S.Y.N.I.) LQ.PAR. 320,SOL.INY. 320 MG DE YODO/ML X 10
4508009,IOPROMIDA (S.Y.N.I.) LQ.PAR. 350,SOL.INY. 350 MG DE YODO/ML X 50
4508016,IOPROMIDA (S.Y.N.I.) LQ.PAR. 350,SOL.INY. 350 MG DE YODO/ML X 10
4303012,IPRATROPIO BROMURO LIQUIDO PARA,"SOL.INH. 0,02 MG/DOSIS CJ X FCO"
4303013,IPRATROPIO BROMURO LIQUIDO PARA,"SOL.NEB. 0,25 MG/ML CJ X FCO X"
3901083,IRINOTECAN LIQUIDO PARENTERAL,SOL.INY. 20 MG/ML CJ X VIAL(ES)
3802005,ITRACONAZOL SOLIDO ORAL,TAB/CAP/COMP. 100 MG CJ X BLIST
4001003,KETOROLACO LIQUIDO PARENTERAL,SOL.INY. 30 MG/ML CJ X AMP(S) X
4103044,LACOSAMIDA SOLIDO ORAL 200 MG,TAB/CAP/COMP. 200 MG CJ X BLIST
3206008,LACTULOSA LIQUIDO ORAL,JBE/SOL/SUSP. 65% CJ X FCO(S) X
4401028,LAGRIMAS ARTIFICIALES LIQUIDO OF,COLIR.SOL/SUSP. N/D CJ X FCO GO
4401029,LAGRIMAS ARTIFICIALES SEMISOLIDO,GEL/UNG. N/D CJ X TUBO X 10 G(M
3805039,LAMIVUDINA + ABACAVIR SOLIDO ORA,TAB/CAP/COMP. 300 MG + 600 MG C
3805056,LAMIVUDINA + ABACAVIR SD.ORAL,POL.DISP. 60 MG + 120 MG CJ X B
3805055,LAMIVUDINA + TENOFOVIR + DOLUTEG,TAB/CAP/COMP. 300 MG + 300 MG +
3805023,LAMIVUDINA LIQUIDO ORAL,JBE/SOL/SUSP. 50 MG/5 ML CJ X F
4103021,LAMOTRIGINA SOLIDO ORAL,TAB/CAP/COMP. 100 MG CJ X BLIST
4103019,LAMOTRIGINA SOLIDO ORAL,TAB/CAP/COMP. 25 MG CJ X BLIST(
4401019,LATANOPROST LIQUIDO OFTALMICO,"COLIR.SOL/SUSP. 0,005% CJ X FCO"
3904047,LEFLUNOMIDA SOLIDO ORAL 20 MG,TAB/CAP/COMP. 20 MG CJ X BLIST/
3904035,LENALIDOMIDA SOLIDO ORAL 25 MG,TAB/CAP/COMP. 25 MG CJ X BLIST(
3901148,LENVATINIB SOLIDO ORAL 10 MG,TAB/CAP/COMP. 10 MG CJ X BLIST(
3901147,LENVATINIB SOLIDO ORAL 4 MG,TAB/CAP/COMP. 4 MG CJ X BLIST(E
3902010,LETROZOL SOLIDO ORAL,"TAB/CAP/COMP. 2,5 MG CJ X BLIST"
3902004,LEUPROLIDE LQ.PARENTERAL/SD.PARE,"SOL/POL.INY. 11,25 MG CJ X VIAL"
3902001,LEUPROLIDE LQ.PARENTERAL/SD.PARE,"SOL/POL.INY. 3,75 MG CJ X VIAL("
4103027,LEVETIRACETAM LIQUIDO ORAL,JBE/SOL/SUSP. 100 MG/ML CJ X FC
4103038,LEVETIRACETAM LIQUIDO ORAL 500,JBE/SOL/SUSP. 500 mg/5 ml
4103039,LEVETIRACETAM LIQUIDO PARENTERAL,SOL.INY. 100 MG/ML CJ X VIAL(ES
4103028,LEVETIRACETAM SOLIDO ORAL,TAB/CAP/COMP. 1.000 MG CJ X BLI
4103033,LEVETIRACETAM SOLIDO ORAL,TAB/CAP/COMP. 500 MG CJ X BLIST
4104005,LEVODOPA + CARBIDOPA SOLIDO ORAL,TAB/CAP/COMP. 250 MG + 25 MG CJ
3801076,LEVOFLOXACINA LIQUIDO PARENTERAL,SOL.INY. 5 MG/ML CJ X FCO/FUN/B
3801075,LEVOFLOXACINA SOLIDO ORAL,TAB/CAP/COMP. 500 MG CJ X BLIST
4105007,LEVOMEPROMAZINA LIQUIDO PARENTER,SOL.INY. 25 MG/ML CJ X AMP(S) X
4105005,LEVOMEPROMAZINA SOLIDO ORAL,TAB/CAP/COMP. 100 MG CJ X BLIST
3603016,LEVONOGESTREL ENDOCEPTIVO,TAB/COMP.(ENDO) 20 mcg
3603002,LEVONORGESTREL + ETINILESTRADIOL,TAB/CAP/COMP. 150 MCG + 30 MCG
3603018,LEVONORGESTREL SISTEMA INTRAUTER,SIS.INTRAUT. 52 MG (20 MCG/24 H
3603004,"LEVONORGESTREL SOLIDO ORAL  0,75","TAB/CAP/COMP. 0,75 MG CJ X BLIS"
3603005,"LEVONORGESTREL SOLIDO ORAL  1,5","TAB/CAP/COMP. 1,5 MG CJ X BLIST"
3603006,LEVONORGESTREL (IMPLANTE SUBDERM,IMPLT.SUBD. 150 MG (2 VARILLAS
3703001,LEVOTIROXINA SODICA SOLIDO ORAL,"TAB/CAP/COMP. 0,050 MG CJ X BLI"
3703004,LEVOTIROXINA SODICA SOLIDO ORAL,"TAB/CAP/COMP. 0,100 MG CJ X BLI"
3703006,LEVOTIROXINA SODICA SOLIDO ORAL,"TAB/CAP/COMP. 0,125 MG CJ X BLI"
4101019,LIDOCAINA CON/EPIN. LQ.PAR. - 50,SOL.INY. 2% + 1:200.000 CJ X VI
4101024,LIDOCAINA CON/EPIN. LQ.PAR. - CR,SOL.INY. 2% + 1:80.000 CJ X CAR
3504007,LIDOCAINA LIQUIDO CUTANEO 10%,SOL/LOC. 10% CJ X FCO + DISP.AC
3504005,LIDOCAINA SEMISOLIDO CUTANEO,POM/CRE/PAS. 2% tubo x 30 g
3504008,LIDOCAINA SEMISOLIDO CUTANEO 2%,GEL CUT. 2% CJ X TUBO X 15 G(MI
4101016,LIDOCAINA S/EPIN. LQ.PAR. 2% - 5,SOL.INY. 2% CJ X VIAL(ES) X 50
4101017,LIDOCAINA S/EPIN. LQ.PAR. 2% - C,SOL.INY. 2% CJ X CART(S) DENT(E
4101028,LIDOCAINA SIN EPINEFRINA SOLIDO,PARCHE TRNSD. 5% CJ X PARCHE/PA
3801085,LINEZOLID LIQUIDO PARENTERAL,SOL.INY. 2 MG/ML FCO X 300 ML P
3801084,LINEZOLID SOLIDO ORAL,TAB/CAP/COMP. 600 MG CJ X BLIST
4306005,LORATADINA LIQUIDO ORAL,JBE/SOL/SUSP. 5 MG/5 ML CJ X FC
4306004,LORATADINA SOLIDO ORAL,TAB/CAP/COMP. 10 MG CJ X BLIST(
3409006,LOSARTAN SOLIDO ORAL 100 MG,TAB/CAP/COMP. 100 MG CJ X BLIST
3409005,LOSARTAN SOLIDO ORAL 50 MG,TAB/CAP/COMP. 50 MG CJ X BLIST(
3202001,MAGALDRATO CON SIMETICONA (HIDRO,JBE/SOL/SUSP. 800 MG/10 ML + 60
3305023,MANITOL LIQUIDO PARENTERAL,SOL.INY. 20% FUN/BOL/FLX AUTCP
3901005,MELFALAN SOLIDO ORAL,TAB/CAP/COMP. 2 MG CJ X FCO DP.
3901017,MERCAPTOPURINA SOLIDO ORAL,TAB/CAP/COMP. 50 MG CJ X BLIST/
3801037,MEROPENEM SOLIDO PARENTERAL,POL.INY. 1.000 MG CJ X VIAL(ES)
3801036,MEROPENEM SOLIDO PARENTERAL,POL.INY. 500 MG CJ X VIAL(ES)
4503013,MESNA LIQUIDO PARENTERAL,SOL.INY. 100 MG/ML CJ X AMP(S)
3210006,METFORMINA SOLIDO ORAL 1.000 MG,TAB/CAP/COMP. 1.000 MG CJ X BLI
3210003,METFORMINA SOLIDO ORAL 500 MG,TAB/CAP/COMP. 500 MG CJ X BLIST
3210005,METFORMINA SOLIDO ORAL 850 MG,TAB/CAP/COMP. 850 MG CJ X BLIST
3602002,METILERGOMETRINA LIQUIDO PARENTE,"SOL.INY. 0,2 MG/ML CJ X AMP(S)"
3702007,METILPREDNISOLONA ACETATO LQ.PAR,SOL.INY. 40 MG/ML CJ X VIAL(ES)
3702009,METILPREDNISOLONA ACETATO LQ.PAR,SOL/POL.INY. 80 MG/ML CJ X AMP(
3702022,METILPREDNISOLONA ACETATO LIQUID,SOL.INY. 80 MG/ML CJ X VIAL (ES
3702011,METILPREDNISOLONA SUCCINATO SD.P,POL.INY. 500 MG CAJA X VIAL(ES)
3702010,METILPREDNISOLONA SUCCINATO SD.P,POL.INY. 125 MG CAJA X VIAL(ES)
3203004,METOCLOPRAMIDA LIQUIDO PARENTERA,SOL.INY. 5 MG/ML CJ X AMP(S) X
3203003,METOCLOPRAMIDA SOLIDO ORAL,TAB/CAP/COMP. 10 MG CJ X BLIST(
3901013,METOTREXATO LIQUIDO PARENTERAL,SOL.INY. 25 MG/ML CJ X AMP(S)/V
3901015,METOTREXATO SOLIDO PARENTERAL,SOL/POL.INY. 25 MG/ML (EQUIVALE
3901012,METOTREXATO SOLIDO ORAL,"TAB/CAP/COMP. 2,5 MG CJ X BLIST"
4201004,METRONIDAZOL LIQUIDO ORAL,JBE/SOL/SUSP. 250 MG/5 ML CJ X
3801083,METRONIDAZOL LIQUIDO PARENTERAL,SOL.INY. 5 MG/ML FCO X 100 ML P
4201002,METRONIDAZOL SOLIDO ORAL,TAB/CAP/COMP. 500 MG CJ X BLIST
3601002,METRONIDAZOL SOLIDO VAGINAL  1.0,OVU/CAP.VAG. 1.000 MG CJ X BLIS
3601001,METRONIDAZOL SOLIDO VAGINAL  500,OVU/CAP.VAG. 500 MG CJ X BLIST(
3904003,MICOFENOLATO SOLIDO ORAL 180 MG,TAB/CAP/COMP. 180 MG CJ X BLIST
3904004,MICOFENOLATO SOLIDO ORAL 250 MG,TAB/CAP/COMP. 250 MG CJ X BLIST
3904006,MICOFENOLATO SOLIDO ORAL 500 MG,TAB/CAP/COMP. 500 MG CJ X BLIST
4105043,MIDAZOLAM LIQUIDO PARENTERAL,SOL.INY. 1 MG/ML CJ X VIAL(ES)
4105035,MIDAZOLAM LIQUIDO PARENTERAL,SOL.INY. 5 MG/ML CJ X AMP(S) X
3901052,MITOMICINA SOLIDO PARENTERAL,POL.INY. 20 MG CJ X VIAL(ES) C/
4301001,MOMETASONA LIQUIDO PARA INHALACI,SOL.INH.NASAL 50 MCG CJ X FCO(S
3401015,MONONITRATO DE ISOSORBIDA SOLIDO,TAB/CAP/COMP. 20 MG CJ X BLIST(
4102002,MORFINA LIQUIDO PARENTERAL,SOL.INY. 20 MG/ML CJ X AMP(S) X
3209001,MULTIENZIMAS(PANCREATINA; AMILA,PANCREATINA: 150 MG (AMI: 8.000
3211001,MULTIVITAMINAS CON MINERALES LQ.,"JBE/SOL/SUSP. (B1: 0,5-1,2MG|B3"
3901091,NAB PACLITAXEL SOLIDO PARENTERAL,POL.INY. 100 MG CJ X VIAL(ES)
4503020,NALOXONA LIQUIDO PARENTERAL 0.,"SOL.INY. 0,4 MG/ML CJ X AMP(S)"
4107001,NEOSTIGMINA LIQUIDO PARENTERAL,"SOL.INY. 0,5 MG/ML CJ X AMP(S)"
3805030,NEVIRAPINA LIQUIDO ORAL,JBE/SOL/SUSP. 50 MG/5 ML CJ X F
3901079,NILOTINIB SOLIDO ORAL,TAB/CAP/COMP. 200 MG CJ X BLIST
3901120,NINTEDANIB SOLIDO ORAL,TAB/CAP/COMP. 150 MG CJ X BLIST
3207001,NISTATINA LIQ ORAL 100.000 UI/ML,JBE/SOL/SUSP. 100.000 UI/ML CJ
3801082,NITROFURANTOINA LIQUIDO ORAL,JBE/SOL/SUSP. 25 MG/5 ML CJ X F
3801081,NITROFURANTOINA SOLIDO ORAL,TAB/CAP/COMP. 100 MG CJ X BLIST
3402007,NITROPRUSIATO SODICO SOLIDO PARE,POL.INY. 50 MG CJ X VIAL(ES) C/
3901168,NIVOLUMAB LIQUIDO PARENTERAL 1,SOL.INY. 10 MG/ML CJ X VIAL X 4
3901169,NIVOLUMAB LIQUIDO PARENTERAL 1,SOL.INY. 10 MG/ML CJ X VIAL(ES)
3401007,NOREPINEFRINA LIQUIDO PARENTERAL,SOL.INY. 1 MG/ML CJ X AMP(S) X
3904044,OCRELIZUMAB LIQUIDO PARENTERAL,SOL.INY. 30 MG/ML CJ X VIAL(ES)
3701007,OCTREOTIDA SOLIDO PARENTERAL,POL.INY. 20 MG CJ X VIAL(ES) C/
3701008,OCTREOTIDA SOLIDO PARENTERAL,POL.INY. 30 MG CJ X VIAL CON DI
3305065,OLIGOELEMENTOS LQ.PAR.,SOL.INY. N/D CJ X AMP(S) - CJ X
4401033,OLOPATADINA LIQUIDO OFTALMICO,"COLIR.SOL/SUSP. 0,2% (2MG/ML) C"
4303019,OMALIZUMAB SOLIDO PARENTERAL,POL.INY. 150 MG CJ X VIAL(ES)
3202004,OMEPRAZOL SOLIDO ORAL,TAB/CAP/COMP. 20 MG CJ X BLIST(
3202006,OMEPRAZOL SOLIDO PARENTERAL,POL.INY. 40 MG CJ X VIAL(ES) C/
3204004,ONDANSETRON LQ.PAR. 2 MG/ML X 4,SOL.INY. 2 MG/ML CJ X AMP(S) X
3204001,ONDANSETRON SOLIDO ORAL,TAB/CAP/COMP. 4 MG CJ X BLIST(E
3204002,ONDANSETRON SOLIDO ORAL,TAB/CAP/COMP. 8 MG CJ X BLIST(E
3805037,OSELTAMIVIR SOLIDO ORAL,TAB/CAP/COMP. 75 MG CJ X BLIST(
3901153,OSIMERTINIB SOLIDO ORAL 80 MG,TAB/CAP/COMP. 80 MG CJ X BLIST(
3801017,OXACILINA SOLIDO PARENTERAL,POL.INY. 1.000 MG CJ X VIAL(ES)
3901062,OXALIPLATINO LQ.PAR./SD.PAR. 50,SOL/POL.INY. 50 MG CJ X VIAL(ES
3901063,OXALIPLATINO LQ.PAR./SD.PAR. 100,SOL/POL.INY. 100 MG CJ X VIAL(E
4103034,OXCARBAZEPINA SOLIDO ORAL,TAB/CAP/COMP. 300 MG CJ X BLIST
4102012,OXICODONA SOLIDO ORAL,TAB/CAP/COMP. 5 MG CJ X BLIST(E
4102013,OXICODONA SOLIDO ORAL (LIBERACIO,TAB/COMP.RECUB. 10 MG CJ X BLIS
4102014,OXICODONA SOLIDO ORAL (LIBERACIO,TAB/COMP.RECUB. 20 MG CJ X BLIS
4102015,OXICODONA SOLIDO ORAL (LIBERACIO,TAB/COMP.RECUB. 40 MG CJ X BLIS
3901036,PACLITAXEL LIQUIDO PARENTERAL,SOL.INY. 6 MG/ML CJ X VIAL(ES)
3901121,PALBOCICLIB SOLIDO ORAL,TAB/CAP/COMP. 150 MG CJ X BLIST
3901137,PALBOCICLIB SOLIDO ORAL 100 MG,TAB/CAP/COMP. 100 MG CJ X BLIST
4102031,PARACETAMOL LIQUIDO ORAL (GOTAS),SOL.GOTAS. 100 MG/ML CJ X FCO G
4102028,PARACETAMOL LIQUIDO ORAL,JBE/SOL/SUSP. 120 MG/5 ML CJ X
4102030,PARACETAMOL LIQUIDO ORAL,JBE/SOL/SUSP. 160 MG/5 ML CJ X
4102037,PARACETAMOL LIQUIDO PARENTERAL,SOL.INY. 10 MG/ML CJ X VIAL(ES)
4102027,PARACETAMOL SOLIDO ORAL,TAB/CAP/COMP. 500 MG CJ X BLIST
3705003,PARICALCITOL LQ.PAR. 5 MCG/ML X,SOL.INY. 5 MCG/ML CJ X AMP(S) X
3903002,PEGFILGRASTIM LIQUIDO PARENTERAL,SOL.INY. 10 MG/ML CJ X JERG(S)
3901016,PEMETREXED SOLIDO PARENTERAL,POL.INY. 500 MG CJ X VIAL(ES)
3510002,PEROXIDO DE BENZOILO SEMISOLIDO,POM/CRE/PAS. 5% CJ X TUBO X 30
3508036,PEROXIDO DE HIDROGENO LQ.CUT.,SOL/LOC. N/D CJ X FCO
3508011,PEROXIDO DE HIDROGENO LQ.CUT. 10,SOL/LOC. 10 VOLUMENES (3%) CJ X
3901100,PERTUZUMAB LIQUIDO PARENTERAL,SOL.INY. 30 MG/ML CJ X VIAL X 1
3801027,PIPERACILINA + TAZOBACTAM SOLIDO,POL.INY. 4.000 MG + 500 MG CJ X
3904056,PIRFENIDONA SOLIDO ORAL 200 MG,TAB/CAP/COMP. 200 MG CJ X BLIST
4107002,PIRIDOSTIGMINA SOLIDO ORAL,TAB/CAP/COMP. 60 MG CJ X BLIST/
3405002,POLIDOCANOL LQ.PAR. 3 % X 2 ML,SOL.INY. 3% CJ X AMP(S) X 2 ML
3405003,POLIDOCANOL LQ.PAR. 3 % X 10 ML,SOL.INY. 3% CJ X VIAL(ES) X 10
3901113,PONATINIB SOLIDO ORAL 45 MG,TAB/CAP/COMP. 45 MG CJ X BLIST/
4401011,PREDNISOLONA LIQUIDO OFTALMICO,COLIR.SOL/SUSP. 1% CJ X FCO GOT
3702015,PREDNISONA SOLIDO ORAL,TAB/CAP/COMP. 20 MG CJ X BLIST/
3702014,PREDNISONA SOLIDO ORAL,TAB/CAP/COMP. 5 MG CJ X BLIST(E
4103035,PREGABALINA SOLIDO ORAL 150 MG,TAB/CAP/COMP. 150 MG CJ X BLIST
3603011,PROGESTERONA SOLIDO ORAL 100 MG,TAB/CAP/COMP. 100 MG CJ X BLIST
4101021,PROPOFOL LIQUIDO PARENTERAL,SOL.INY. 10 MG/ML CJ X AMP(S) X
3407002,PROPRANOLOL SOLIDO ORAL 40 MG,TAB/CAP/COMP. 40 MG CJ X BLIST(
4105014,QUETIAPINA SOLIDO ORAL,TAB/CAP/COMP. 100 MG CJ X BLIST
4105015,QUETIAPINA SOLIDO ORAL,TAB/CAP/COMP. 200 MG CJ X BLIST
4105016,QUETIAPINA SOLIDO ORAL,TAB/CAP/COMP. 300 MG CJ X BLIST
4101006,REMIFENTANILO SOLIDO PARENTERAL,POL.INY. 5 MG CJ X VIAL(ES)
3901135,RIBOCICLIB SOLIDO ORAL 200 MG,TAB/CAP/COMP. 200 MG CJ X BLIST
4009003,RISDIPLAM SOLIDO ORAL (POLVO),"POL.SUSP. 0,75 MG/ML CJ X FCO X"
4105022,RISPERIDONA LIQUIDO ORAL,JBE/SOL/SUSP. 1 MG/ML CJ X FCO
4105018,RISPERIDONA SOLIDO ORAL,TAB/CAP/COMP. 1 MG CJ X BLIST(E
4105019,RISPERIDONA SOLIDO ORAL,TAB/CAP/COMP. 2 MG CJ X BLIST(E
3805012,RITONAVIR SOLIDO ORAL,TAB/CAP/COMP. 100 MG CJ X FCO D
3901118,"RITUXIMAB LQ.PAR. 1.400 MG/11,7","SOL.INY. 1.400 MG/11,7 ML CJ X"
3901065,RITUXIMAB LIQUIDO PARENTERAL,SOL.INY. 10 MG/ML CJ X VIAL(ES)
3901066,RITUXIMAB LIQUIDO PARENTERAL,SOL.INY. 10 MG/ML CJ X VIAL(ES)
3301024,RIVAROXABAN SOLIDO ORAL 10 MG,TAB/CAP/COMP. 10 MG CJ X BLIST(
3301025,RIVAROXABAN SOLIDO ORAL 15 MG,TAB/CAP/COMP. 15 MG CJ X BLIST(
3301019,RIVAROXABAN SOLIDO ORAL 20 MG,TAB/CAP/COMP. 20 MG CJ X BLIST(
4003007,ROCURONIO BROMURO LIQUIDO PARENT,SOL.INY. 10 MG/ML CJ X AMP(S) X
3302015,ROMIPLOSTIM SOLIDO PARENTERAL 25,POL.INY. 250 MCG CJ X VIAL(ES)
3901095,RUXOLITINIB SOLIDO ORAL,TAB/CAP/COMP. 15 MG CJ X BLIST(
3901129,RUXOLITINIB SOLIDO ORAL 5 MG,TAB/CAP/COMP. 5 MG CJ X BLIST(E
4303003,SALBUTAMOL LIQUIDO PARA INHALACI,"SOL.INH. 0,1 MG/DOSIS CJ X FCO"
4303002,SALBUTAMOL LIQUIDO PARA NEBULIZA,SOL.NEB. 5 MG/ML CJ X FCO X 10
3207003,SALES DE REHIDRATACION ORAL SOLI,"POL.SUSP. (GLU: 13,5-20 G/L|NaC"
4303006,SALMETEROL + FLUTICASONA LIQUIDO,SOL.INH. 25 MCG + 125 MCG CJ X
4303018,SALMETEROL + FLUTICASONA LIQUIDO,SOL.INH. 25 MCG + 250 MCG CJ X
3904041,SECUKINUMAB LIQUIDO PARENTERAL 1,SOL.INY. 150 MG/ML CJ X VIAL(ES
4106005,SERTRALINA SOLIDO ORAL,TAB/CAP/COMP. 100 MG CJ X BLIST
4106004,SERTRALINA SOLIDO ORAL,TAB/CAP/COMP. 50 MG CJ X BLIST(
4101001,SEVOFLURANO LIQUIDO PARA INHALAC,SOL.INH. 1 MG/ML CJ X FCO X 250
3604001,SILDENAFIL SOLIDO ORAL  50 MG,TAB/CAP/COMP. 50 MG CJ X BLIST(
3410001,SIMVASTATINA SOLIDO ORAL 20 MG,TAB/CAP/COMP. 20 MG CJ X BLIST(
3410002,SIMVASTATINA SOLIDO ORAL 40 MG,TAB/CAP/COMP. 40 MG CJ X BLIST(
3904007,SIROLIMUS SOLIDO ORAL 1 MG,TAB/CAP/COMP. 1 MG CJ X BLIST(E
3305074,SOLUCION CONCENTRADA DE ELECTR,SOL.ACU. FRASCO X 3.78 L
4507010,SOLUCION P/PERF. CARDIOPL. PROTE,SOL.PERF. N/D FUN/BOL X 1.000 M
3701016,SOMATROPINA SD.PAR. 12 MG (36 UI,POL.INY. 12 MG (36 UI) CJ X CAR
3901101,SORAFENIB SOLIDO ORAL,TAB/CAP/COMP. 200 MG CJ X BLIST
4503009,SUGAMMADEX LIQUIDO PARENTERAL,SOL.INY. 100 MG/ML CJ X VIAL(ES
3506002,SULFADIAZINA DE PLATA SSD.CUT. 1,POM/CRE/PAS. 1% CJ X TUBO X 30
3207006,SULFASALAZINA SOLIDO ORAL,TAB/CAP/COMP. 500 MG CJ X BLIST
4508007,SULFATO DE BARIO SIN AGENT.SUSP.,POL.SUSP. N/D CARTON X FCO(S)/F
4508004,SULFATO DE BARIO SIN AGENT.SUSP.,SUSP/EMUL.ENEM. N/D CARTON X FC
3212004,SULFATO DE ZINC LIQUIDO ORAL 5 M,JBE/SOL/SUSP. 5 MG/ML CJ X FCO
3901076,SUNITINIB SOLIDO ORAL,"TAB/CAP/COMP. 12,5 MG CJ X BLIS"
3901077,SUNITINIB SOLIDO ORAL,TAB/CAP/COMP. 25 MG CJ X BLIST/
3901078,SUNITINIB SOLIDO ORAL,TAB/CAP/COMP. 50 MG CJ X BLIST/
3904026,TACROLIMUS SOLIDO ORAL 1 MG,TAB/CAP/COMP. 1 MG CJ X BLIST(E
3904032,TALIDOMIDA SOLIDO ORAL  100 MG,TAB/CAP/COMP. 100 MG CJ X BLIST
3902007,TAMOXIFENO SOLIDO ORAL,TAB/CAP/COMP. 20 MG CJ X BLIST(
3604002,"TAMSULOSINA SOLIDO ORAL  0,4 MG","TAB/CAP/COMP. 0,4 MG CJ X BLIST"
4102041,TAPENTADOL SOLIDO ORAL 100 MG,TAB/CAP/COMP. 100 MG CJ X BLIST
4102040,TAPENTADOL SOLIDO ORAL 50 MG,TAB/CAP/COMP. 50 MG CJ X BLIST(
3901008,TEMOZOLOMIDA SOLIDO ORAL,TAB/CAP/COMP. 100 MG CJ X BLIST
3901009,TEMOZOLOMIDA SOLIDO ORAL,TAB/CAP/COMP. 250 MG CJ X BLIST
3501004,TERBINAFINA SEMISOLIDO CUTANEO 1,POM/CRE/PAS. 1% CJ X TUBO X 15
3501005,TERBINAFINA SOLIDO ORAL 250 MG,TAB/CAP/COMP. 250 MG CJ X BLIST
3603008,TESTOSTERONA LIQUIDO PARENTERAL,SOL.INY. 250 MG/ML CJ X AMP(S)
3301018,TICAGRELOR SOLIDO ORAL 90 MG,TAB/CAP/COMP. 90 MG CJ X BLIST(
3801002,TIGECICLINA SOLIDO PARENTERAL,POL.INY. 50 MG CJ X VIAL(ES)
4401018,TIMOLOL LIQUIDO OFTALMICO,"COLIR.SOL/SUSP. 0,5% CJ X FCO G"
4201005,TINIDAZOL SOLIDO ORAL,TAB/CAP/COMP. 1.000 MG CJ X BLI
4101002,TIOPENTAL SODICO SOLIDO PARENTER,POL.INY. 1.000 MG CJ X VIAL(ES)
4303014,TIOTROPIO BROMURO SOLIDO PARA IN,"CAP/POL.INH. 22,5 MCG (EQV A 18"
3301015,TIROFIBAN LIQUIDO PARENTERAL,"SOL.INY. 0,25 MG/ML CJ X VIAL(E"
4401004,TOBRAMICINA LIQUIDO OFTALMICO,"COLIR.SOL/SUSP. 0,3% CJ X FCO G"
3801060,TOBRAMICINA LIQUIDO PARA INHALAC,SOL.INH. 300 MG/5 ML CJ X AMP(S
4401005,TOBRAMICINA SEMISOLIDO OFTALMICO,"GEL/UNG. 0,3% CJ X TUBO X 5 G"
3904052,"TOCILIZUMAB LQ.PAR. 162 MG/0,9 M","SOL.INY. 162 MG/0,9 ML CJ X JER"
3904018,TOCILIZUMAB LQ.PAR. 20 MG/ML X 4,SOL.INY. 20 MG/ML CJ X VIAL X 4
3904019,TOCILIZUMAB LQ.PAR. 20 MG/ML X 1,SOL.INY. 20 MG/ML CJ X VIAL(ES)
3904039,TOFACITINIB SOLIDO ORAL 5 MG,TAB/CAP/COMP. 5 MG CJ X BLIST(E
2602922,TOXINA botulinica 500UI POLVO IN,Ampolla de 500 UI
4003002,TOXINA BOTULINICA SOLIDO PARENTE,POL.INY. 100 U CJ X VIAL(ES)
4003003,TOXINA BOTULINICA SOLIDO PARENTE,POL.INY. 500 U CJ X VIAL(ES)
4102023,TRAMADOL LIQUIDO ORAL,JBE/SOL/SUSP. 100 MG/ML CJ X FC
4102025,TRAMADOL LIQUIDO PARENTERAL,SOL.INY. 50 MG/ML CJ X AMP(S) X
4102022,TRAMADOL SOLIDO ORAL,TAB/CAP/COMP. 50 MG CJ X BLIST(
2605001,TRASTUZUMAB,Solid Par 440 mg
3901106,TRASTUZUMAB EMTANSINA SOLIDO,POL.INY. 100 MG CJ X VIAL(ES)
3901105,TRASTUZUMAB LIQUIDO PARENTERAL,SOL.INY. 120 MG/ML (600 MG/5 ML
3901111,TRASTUZUMAB LIQUIDO PARENTERAL,SOL.INY. 600 MG/5ML CJ X VIAL(E
9999155,TRASTUZUMAB 440MG,AMPOLLAS 440 MG
3401013,TRINITRATO DE GLICERILO (NITROGL,SOL.INY. 5 MG/ML CJ X VIAL(ES)
3902018,TRIPTORELINA SOLIDO PARENTERAL,"POL.INY. 22,5 MG CJ X VIAL + DI"
3503001,"TROLAMINA LIQUIDO CUTANEO 0,67 G","SOL/LOC. 0,67 G/100 G CJ X TUBO"
4401024,TROPICAMIDA LIQUIDO OFTALMICO,COLIR.SOL/SUSP. 1% CJ X FCO GOT
3502004,UREA (CARBAMIDA) SSD.CUT. 10%,POM/CRE/PAS. 10% CJ X TUBO X 90
3502002,UREA (CARBAMIDA) SSD.CUT. 5%,POM/CRE/PAS. 5% CJ X TUBO X 90
3807023,VACUNA ANTIHEPATITIS B LIQUIDO,SOL.INY. AMPOLLA X 0.5 ML(PEDIA
3807026,VACUNA ANTINEUMOCOCO(POLISACAR,SOL.INY. 13 VALENTE CJ X VIAL(E
2603902,VACUNA BCG,Lýquida Liofilisada
3807007,VACUNA BCG SOLIDO PARENTERAL,POL.INY. N/D CJ X VIAL(ES) C/DI
3801078,VANCOMICINA SOLIDO PARENTERAL,POL.INY. 500 MG CJ X VIAL(ES)
3904043,VEDOLIZUMAB SOLIDO PARENTERAL 30,POL.INY. 300 MG CJ X VIAL(ES)
3901103,VEMURAFENIB SOLIDO ORAL 240 MG,TAB/CAP/COMP. 240 MG CJ X BLIST
3901031,VINCRISTINA SOLIDO PARENTERAL,POL.INY. 1 MG CJ X VIAL(ES)
3802008,VORICONAZOL SOLIDO ORAL,TAB/CAP/COMP. 200 MG CJ X BLIST
3802007,VORICONAZOL SOLIDO PARENTERAL,POL.INY. 200 MG CJ X VIAL(ES)
3301001,WARFARINA SOLIDO ORAL 5 MG,TAB/CAP/COMP. 5 MG CJ X BLIST(E
3508010,YODO POVIDONA LIQUIDO CUTANEO 10,
3508001,YODO POVIDONA LIQUIDO CUTANEO,"SOL/LOC. 7,5% CARTON X FCO(S)"
3805038,ZIDOVUDINA + LAMIVUDINA SOLIDO O,TAB/CAP/COMP. 300 MG + 150 MG C
3805020,ZIDOVUDINA LIQUIDO PARENTERAL,SOL.INY. 10 MG/ML CJ X VIAL(ES)
3502001,ZINC SEMISOLIDO CUTANEO,POM/CRE/PAS. N/D CJ X TUBO X 30
3805019,ZIDOVUDINA LIQUIDO ORAL,JBE/SOL/SUSP. 50 MG/5 ML CJ X F
3805009,VALGANCICLOVIR SOLIDO ORAL,TAB/CAP/COMP. 450 MG CJ X BLIST
3216009,TRIENTINA SOLIDO ORAL 150 MG,TAB/CAP/COMP. 150 MG CJ X BLIST
3409008,TELMISARTAN + AMLODIPINO SD.ORAL,TAB/CAP/COMP. 80 MG + 10 MG CJ
3305063,SULFATO DE MAGNESIO LQ.PAR. 20%,SOL.INY. 20% CJ X AMP(S) X 10 M
3303008,SALES DE HIERRO + ACIDO FOLICO S,TAB/CAP/COMP. 60 MG + 400 MCG C
4105013,QUETIAPINA SOLIDO ORAL,TAB/CAP/COMP. 25 MG CJ X BLIST(
3206003,POLIETILENGLICOL EN COMBINACIONE,GRANUL. N/D CJ X SOB(S)/SACHETS
3901109,PEMBROLIZUMAB LIQUIDO PARENTER,SOL.INY. 25 MG/ML CJ X VIAL X 4
3701005,OXITOCINA LIQUIDO PARENTERAL,SOL.INY. 10 UI/ML CJ X AMP(S) X
3701006,OCTREOTIDA LIQUIDO PARENTERAL,"SOL.INY. 0,1 MG/ML CJ X AMP(S)"
3408011,NIFEDIPINA SOLIDO ORAL 10 MG,TAB/CAP/COMP. 10 MG CJ X BLIST/
3602003,MISOPROSTOL SOLIDO ORAL  200 MCG,TAB/CAP/COMP. 200 MCG CJ X BLIS
3602001,"METILERGOMETRINA SOLIDO ORAL  0,","TAB/CAP/COMP. 0,125 MG CJ X BLI"
3504006,LIDOCAINA SEMISOLIDO CUTANEO 5%,GEL CUT. 5% CJ X TUBO X 10 G(MI
3904042,LENALIDOMIDA SOLIDO ORAL 10 MG,TAB/CAP/COMP. 10 MG CJ X BLIST(
3210001,INSULINA HUMANA (ACCION RAPIDA),SOL.INY. 100 UI/ML CJ X VIAL(ES
3216001,IMIGLUCERASA SOLIDO PARENTERAL,POL.INY. 400 U CJ X VIAL(ES)
4103015,ACIDO VALPROICO (SAL SODICA) SOL,TAB/CAP/COMP. 500 MG CJ X BLIST
